Ketel One Vodka,"[""http://www.binnys.com//spirits/Ketel_One_Vodka_140803.html"", 140803, ""375ml"", ""Vodka""]"
Smirnoff Vodka,"[""http://www.binnys.com//spirits/Smirnoff_Vodka_141512.html"", 141512, ""375ml"", ""Vodka""]"
Grey Goose Vodka,"[""http://www.binnys.com//spirits/Grey_Goose_Vodka_61752.html"", 61752, ""200ml"", ""Vodka""]"
Captain Morgan Spiced Rum,"[""http://www.binnys.com//spirits/Captain_Morgan_Spiced_Rum_170253.html"", 170253, ""375ml"", ""Rum""]"
Jim Beam Bourbon,"[""http://www.binnys.com//spirits/Jim_Beam_Bourbon_190667.html"", 190667, ""375ml"", ""Whiskey""]"
Tito's Handmade Vodka,"[""http://www.binnys.com//spirits/Titos_Handmade_Vodka_61900.html"", 61900, ""1L"", ""Vodka""]"
Jack Daniel's Old No 7 Tennessee Whiskey,"[""http://www.binnys.com//spirits/Jack_Daniels_Old_No_7_Tennessee_Whiskey_191964.html"", 191964, ""375ml"", ""Whiskey""]"
Canadian Club Canadian Whisky,"[""http://www.binnys.com//spirits/Canadian_Club_Canadian_Whisky_131304.html"", 131304, ""375ml"", ""Whiskey""]"
Johnnie Walker Black Label,"[""http://www.binnys.com//spirits/Johnnie_Walker_Black_Label_164611.html"", 164611, ""750ml"", ""Scotch""]"
Absolut Vodka,"[""http://www.binnys.com//spirits/Absolut_Vodka_140021.html"", 140021, ""750ml"", ""Vodka""]"
Johnnie Walker Red Label,"[""http://www.binnys.com//spirits/Johnnie_Walker_Red_Label_164661.html"", 164661, ""750ml"", ""Scotch""]"
Crown Royal Canadian Whisky,"[""http://www.binnys.com//spirits/Crown_Royal_Canadian_Whisky_136904.html"", 136904, ""375ml"", ""Whiskey""]"
Maker's Mark Bourbon,"[""http://www.binnys.com//spirits/Makers_Mark_Bourbon_80248.html"", 80248, ""200ml"", ""Whiskey""]"
Bacardi Superior Rum,"[""http://www.binnys.com//spirits/Bacardi_Superior_Rum_170074.html"", 170074, ""375ml"", ""Rum""]"
Skyy Vodka,"[""http://www.binnys.com//spirits/Skyy_Vodka_76177.html"", 76177, ""50ml"", ""Vodka""]"
Remy Martin VSOP Cognac,"[""http://www.binnys.com//spirits/Remy_Martin_VSOP_Cognac_104242.html"", 104242, ""375ml"", ""Brandy""]"
Bombay Sapphire Dry Gin,"[""http://www.binnys.com//spirits/Bombay_Sapphire_Dry_Gin_150421.html"", 150421, ""750ml"", ""Gin""]"
Svedka Vodka,"[""http://www.binnys.com//spirits/Svedka_Vodka_141673.html"", 141673, ""375ml"", ""Vodka""]"
Stolichnaya Vodka,"[""http://www.binnys.com//spirits/Stolichnaya_Vodka_141571.html"", 141571, ""750ml"", ""Vodka""]"
Patron Silver Tequila,"[""http://www.binnys.com//spirits/Patron_Silver_Tequila_114732.html"", 114732, ""375ml"", ""Tequila / Mezcal""]"
Glenlivet 12 Year Old,"[""http://www.binnys.com//spirits/Glenlivet_12_Year_Old_161665.html"", 161665, ""1.75L"", ""Scotch""]"
Jameson Blended Irish Whiskey,"[""http://www.binnys.com//spirits/Jameson_Blended_Irish_Whiskey_61811.html"", 61811, ""200ml"", ""Whiskey""]"
Gordon's Vodka,"[""http://www.binnys.com//spirits/Gordons_Vodka_140514.html"", 140514, ""375ml"", ""Vodka""]"
Burnett's Vodka,"[""http://www.binnys.com//spirits/Burnetts_Vodka_140185.html"", 140185, ""1.75L"", ""Vodka""]"
Knob Creek 9 Year Old Small Batch Bourbon,"[""http://www.binnys.com//spirits/Knob_Creek_9_Year_Old_Small_Batch_Bourbon_194475.html"", 194475, ""1.75L"", ""Whiskey""]"
Tanqueray London Dry Gin,"[""http://www.binnys.com//spirits/Tanqueray_London_Dry_Gin_152111.html"", 152111, ""750ml"", ""Gin""]"
Dewars White Label Blended Scotch,"[""http://www.binnys.com//spirits/Dewars_White_Label_Blended_Scotch_161363.html"", 161363, ""375ml"", ""Scotch""]"
Chivas Regal 12 Year Old Blended Scotch,"[""http://www.binnys.com//spirits/Chivas_Regal_12_Year_Old_Blended_Scotch_160967.html"", 160967, ""1L"", ""Scotch""]"
Jose Cuervo Especial Gold Tequila,"[""http://www.binnys.com//spirits/Jose_Cuervo_Especial_Gold_Tequila_111862.html"", 111862, ""375ml"", ""Tequila / Mezcal""]"
Don Julio Anejo Tequila,"[""http://www.binnys.com//spirits/Don_Julio_Anejo_Tequila_112043.html"", 112043, ""750ml"", ""Tequila / Mezcal""]"
Woodford Reserve Bourbon,"[""http://www.binnys.com//spirits/Woodford_Reserve_Bourbon_197903.html"", 197903, ""375ml"", ""Whiskey""]"
Don Julio Blanco Tequila,"[""http://www.binnys.com//spirits/Don_Julio_Blanco_Tequila_112046.html"", 112046, ""750ml"", ""Tequila / Mezcal""]"
Canadian LTD Canadian Whisky,"[""http://www.binnys.com//spirits/Canadian_LTD_Canadian_Whisky_132155.html"", 132155, ""1.75L"", ""Whiskey""]"
Bacardi Gold Rum,"[""http://www.binnys.com//spirits/Bacardi_Gold_Rum_170061.html"", 170061, ""750ml"", ""Rum""]"
Chopin Potato Vodka,"[""http://www.binnys.com//spirits/Chopin_Potato_Vodka_72215.html"", 72215, ""1.75L"", ""Vodka""]"
Purity Vodka,"[""http://www.binnys.com//spirits/Purity_Vodka_48413.html"", 48413, ""750ml"", ""Vodka""]"
Don Julio Reposado Tequila,"[""http://www.binnys.com//spirits/Don_Julio_Reposado_Tequila_112045.html"", 112045, ""750ml"", ""Tequila / Mezcal""]"
Effen Black Cherry Vodka,"[""http://www.binnys.com//spirits/Effen_Black_Cherry_Vodka_140245.html"", 140245, ""1.75L"", ""Vodka""]"
Fleischmann's Gin,"[""http://www.binnys.com//spirits/Fleischmanns_Gin_150915.html"", 150915, ""1.75L"", ""Gin""]"
Johnnie Walker Blue Label,"[""http://www.binnys.com//spirits/Johnnie_Walker_Blue_Label_164631.html"", 164631, ""750ml"", ""Scotch""]"
Beefeater Dry Gin,"[""http://www.binnys.com//spirits/Beefeater_Dry_Gin_150211.html"", 150211, ""750ml"", ""Gin""]"
Sobieski Vodka,"[""http://www.binnys.com//spirits/Sobieski_Vodka_141564.html"", 141564, ""1L"", ""Vodka""]"
RumChata,"[""http://www.binnys.com//spirits/RumChata_61884.html"", 61884, ""1L"", ""Rum""]"
Kerrygold Irish Cream,"[""http://www.binnys.com//spirits/Kerrygold_Irish_Cream_74297.html"", 74297, ""750ml"", ""Liqueurs""]"
Seagram's VO Canadian Whisky,"[""http://www.binnys.com//spirits/Seagrams_VO_Canadian_Whisky_137101.html"", 137101, ""750ml"", ""Whiskey""]"
Templeton Small Batch Rye,"[""http://www.binnys.com//spirits/Templeton_Small_Batch_Rye_196001.html"", 196001, ""750ml"", ""Whiskey""]"
Grey Goose la Poire Vodka,"[""http://www.binnys.com//spirits/Grey_Goose_la_Poire_Vodka_140559.html"", 140559, ""750ml"", ""Vodka""]"
Amaretto Di Saronno,"[""http://www.binnys.com//spirits/Amaretto_Di_Saronno_110222.html"", 110222, ""375ml"", ""Liqueurs""]"
Laphroaig 10 Year Old Islay Malt,"[""http://www.binnys.com//spirits/Laphroaig_10_Year_Old_Islay_Malt_163201.html"", 163201, ""750ml"", ""Scotch""]"
Hendrick's Gin,"[""http://www.binnys.com//spirits/Hendricks_Gin_151103.html"", 151103, ""1.75L"", ""Gin""]"
Bailey's Irish Cream,"[""http://www.binnys.com//spirits/Baileys_Irish_Cream_110533.html"", 110533, ""375ml"", ""Liqueurs""]"
Patron XO Cafe Liqueur,"[""http://www.binnys.com//spirits/Patron_XO_Cafe_Liqueur_114707.html"", 114707, ""750ml"", ""Liqueurs""]"
Grey Goose le Citron Vodka,"[""http://www.binnys.com//spirits/Grey_Goose_le_Citron_Vodka_140563.html"", 140563, ""375ml"", ""Vodka""]"
Seagram's 7 Crown American Whiskey,"[""http://www.binnys.com//spirits/Seagrams_7_Crown_American_Whiskey_197164.html"", 197164, ""375ml"", ""Whiskey""]"
Grand Marnier Cordon Rouge,"[""http://www.binnys.com//spirits/Grand_Marnier_Cordon_Rouge_112845.html"", 112845, ""1.75L"", ""Liqueurs""]"
Christian Brothers Brandy,"[""http://www.binnys.com//spirits/Christian_Brothers_Brandy_101314.html"", 101314, ""375ml"", ""Brandy""]"
Southern Comfort,"[""http://www.binnys.com//spirits/Southern_Comfort_115069.html"", 115069, ""750ml"", ""Liqueurs""]"
Balvenie 12 Year Old Doublewood,"[""http://www.binnys.com//spirits/Balvenie_12_Year_Old_Doublewood_160519.html"", 160519, ""750ml"", ""Scotch""]"
Aperol Orange Aperitif,"[""http://www.binnys.com//spirits/Aperol_Orange_Aperitif_220031.html"", 220031, ""750ml"", ""Liqueurs""]"
Milagro Silver Tequila,"[""http://www.binnys.com//spirits/Milagro_Silver_Tequila_114227.html"", 114227, ""750ml"", ""Tequila / Mezcal""]"
Martell VS Cognac,"[""http://www.binnys.com//spirits/Martell_VS_Cognac_61810.html"", 61810, ""200ml"", ""Brandy""]"
Remy Martin 1738 Accord Royal Cognac,"[""http://www.binnys.com//spirits/Remy_Martin_1738_Accord_Royal_Cognac_61753.html"", 61753, ""375ml"", ""Brandy""]"
Bulleit Bourbon,"[""http://www.binnys.com//spirits/Bulleit_Bourbon_61358.html"", 61358, ""1.75L"", ""Whiskey""]"
Grey Goose l'Orange Vodka,"[""http://www.binnys.com//spirits/Grey_Goose_lOrange_Vodka_140582.html"", 140582, ""750ml"", ""Vodka""]"
Basil Hayden Bourbon,"[""http://www.binnys.com//spirits/Basil_Hayden_Bourbon_190121.html"", 190121, ""750ml"", ""Whiskey""]"
St. George Gin Gift Pack,"[""http://www.binnys.com//spirits/St._George_Gin_Gift_Pack_50361.html"", 50361, ""200ml"", ""Gin""]"
Three Olives Vodka,"[""http://www.binnys.com//spirits/Three_Olives_Vodka_141743.html"", 141743, ""750ml"", ""Vodka""]"
Don Q Cristal Rum,"[""http://www.binnys.com//spirits/Don_Q_Cristal_Rum_170411.html"", 170411, ""750ml"", ""Rum""]"
St Germain Elderflower Liqueur,"[""http://www.binnys.com//spirits/St_Germain_Elderflower_Liqueur_115237.html"", 115237, ""750ml"", ""Liqueurs""]"
Cointreau Liqueur,"[""http://www.binnys.com//spirits/Cointreau_Liqueur_111692.html"", 111692, ""375ml"", ""Liqueurs""]"
Milagro Reposado Tequila,"[""http://www.binnys.com//spirits/Milagro_Reposado_Tequila_114223.html"", 114223, ""750ml"", ""Tequila / Mezcal""]"
Don Q Gold Rum,"[""http://www.binnys.com//spirits/Don_Q_Gold_Rum_170421.html"", 170421, ""750ml"", ""Rum""]"
1800 Silver Tequila,"[""http://www.binnys.com//spirits/1800_Silver_Tequila_61812.html"", 61812, ""200ml"", ""Tequila / Mezcal""]"
Glenrothes Select Reserve,"[""http://www.binnys.com//spirits/Glenrothes_Select_Reserve_164288.html"", 164288, ""750ml"", ""Scotch""]"
Absolut Citron Vodka,"[""http://www.binnys.com//spirits/Absolut_Citron_Vodka_140012.html"", 140012, ""375ml"", ""Vodka""]"
Jose Cuervo Golden Margarita,"[""http://www.binnys.com//spirits/Jose_Cuervo_Golden_Margarita_182175.html"", 182175, ""1.75L"", ""Pre-mixed Cocktails""]"
Effen Vodka,"[""http://www.binnys.com//spirits/Effen_Vodka_140234.html"", 140234, ""750ml"", ""Vodka""]"
Triple Crown North American Blended Whiskey,"[""http://www.binnys.com//spirits/Triple_Crown_North_American_Blended_Whiskey_75805.html"", 75805, ""1.75L"", ""Whiskey""]"
Wyoming Whiskey Small Batch Bourbon,"[""http://www.binnys.com//spirits/Wyoming_Whiskey_Small_Batch_Bourbon_85303.html"", 85303, ""750ml"", ""Whiskey""]"
Bushmills Original Irish Whiskey,"[""http://www.binnys.com//spirits/Bushmills_Original_Irish_Whiskey_139565.html"", 139565, ""1.75L"", ""Whiskey""]"
Jose Cuervo Especial Silver Tequila,"[""http://www.binnys.com//spirits/Jose_Cuervo_Especial_Silver_Tequila_61825.html"", 61825, ""1L"", ""Tequila / Mezcal""]"
Barton Vodka,"[""http://www.binnys.com//spirits/Barton_Vodka_140075.html"", 140075, ""1.75L"", ""Vodka""]"
Death's Door Gin,"[""http://www.binnys.com//spirits/Deaths_Door_Gin_52872.html"", 52872, ""1.75L"", ""Gin""]"
Pinnacle Vodka,"[""http://www.binnys.com//spirits/Pinnacle_Vodka_10514.html"", 10514, ""750ml"", ""Vodka""]"
House of Stuart Scotch,"[""http://www.binnys.com//spirits/House_of_Stuart_Scotch_162565.html"", 162565, ""1.75L"", ""Scotch""]"
Effen Vodka Cucumber,"[""http://www.binnys.com//spirits/Effen_Vodka_Cucumber_30189.html"", 30189, ""750ml"", ""Vodka""]"
Admiral Nelson Spiced Rum,"[""http://www.binnys.com//spirits/Admiral_Nelson_Spiced_Rum_61273.html"", 61273, ""750ml"", ""Rum""]"
Maker's 46,"[""http://www.binnys.com//spirits/Makers_46_22950.html"", 22950, ""750ml"", ""Whiskey""]"
Cutty Sark Blended Scotch,"[""http://www.binnys.com//spirits/Cutty_Sark_Blended_Scotch_161111.html"", 161111, ""750ml"", ""Scotch""]"
Finlandia Vodka,"[""http://www.binnys.com//spirits/Finlandia_Vodka_140271.html"", 140271, ""750ml"", ""Vodka""]"
Pierre Ferrand Ambre,"[""http://www.binnys.com//spirits/Pierre_Ferrand_Ambre_104060.html"", 104060, ""750ml"", ""Brandy""]"
Jagermeister Liqueur,"[""http://www.binnys.com//spirits/Jagermeister_Liqueur_113304.html"", 113304, ""375ml"", ""Liqueurs""]"
Russian Standard Vodka,"[""http://www.binnys.com//spirits/Russian_Standard_Vodka_141331.html"", 141331, ""750ml"", ""Vodka""]"
Pallini Limoncello,"[""http://www.binnys.com//spirits/Pallini_Limoncello_56221.html"", 56221, ""375ml"", ""Liqueurs""]"
Ron Botran Reserva Anejo Rum,"[""http://www.binnys.com//spirits/Ron_Botran_Reserva_Anejo_Rum_47223.html"", 47223, ""750ml"", ""Rum""]"
Johnnie Walker Platinum Label,"[""http://www.binnys.com//spirits/Johnnie_Walker_Platinum_Label_164610.html"", 164610, ""750ml"", ""Scotch""]"
1800 Reposado Tequila,"[""http://www.binnys.com//spirits/1800_Reposado_Tequila_111844.html"", 111844, ""375ml"", ""Tequila / Mezcal""]"
Parce 12 year old Straight Colombian Rum,"[""http://www.binnys.com//spirits/Parce_12_year_old_Straight_Colombian_Rum_70284.html"", 70284, ""750ml"", ""Rum""]"
Jack Daniel's Tennessee Honey,"[""http://www.binnys.com//spirits/Jack_Daniels_Tennessee_Honey_31832.html"", 31832, ""750ml"", ""Whiskey""]"
Kahlua Coffee Liqueur,"[""http://www.binnys.com//spirits/Kahlua_Coffee_Liqueur_113513.html"", 113513, ""375ml"", ""Liqueurs""]"
Parce 8 year old Straight Colombian Rum,"[""http://www.binnys.com//spirits/Parce_8_year_old_Straight_Colombian_Rum_70283.html"", 70283, ""750ml"", ""Rum""]"
Menage a Trois Vodka,"[""http://www.binnys.com//spirits/Menage_a_Trois_Vodka_73535.html"", 73535, ""750ml"", ""Vodka""]"
Fireball Cinnamon Whisky,"[""http://www.binnys.com//spirits/Fireball_Cinnamon_Whisky_61902.html"", 61902, ""1L"", ""Whiskey""]"
Famous Grouse Blended Scotch,"[""http://www.binnys.com//spirits/Famous_Grouse_Blended_Scotch_161501.html"", 161501, ""750ml"", ""Scotch""]"
Hartley Brandy,"[""http://www.binnys.com//spirits/Hartley_Brandy_80254.html"", 80254, ""200ml"", ""Brandy""]"
Bombay Dry Gin,"[""http://www.binnys.com//spirits/Bombay_Dry_Gin_150410.html"", 150410, ""750ml"", ""Gin""]"
Don Julio 1942 Anejo Tequila,"[""http://www.binnys.com//spirits/Don_Julio_1942_Anejo_Tequila_112044.html"", 112044, ""750ml"", ""Tequila / Mezcal""]"
Ketel One Citroen Vodka,"[""http://www.binnys.com//spirits/Ketel_One_Citroen_Vodka_140793.html"", 140793, ""375ml"", ""Vodka""]"
Hochstadter's Straight Rye Whiskey,"[""http://www.binnys.com//spirits/Hochstadters_Straight_Rye_Whiskey_85757.html"", 85757, ""750ml"", ""Whiskey""]"
Carolans Irish Cream,"[""http://www.binnys.com//spirits/Carolans_Irish_Cream_111069.html"", 111069, ""750ml"", ""Liqueurs""]"
Crown Royal Apple Canadian Whisky,"[""http://www.binnys.com//spirits/Crown_Royal_Apple_Canadian_Whisky_81509.html"", 81509, ""1.75L"", ""Whiskey""]"
Sauza Hornitos Reposado Tequila,"[""http://www.binnys.com//spirits/Sauza_Hornitos_Reposado_Tequila_114945.html"", 114945, ""1.75L"", ""Tequila / Mezcal""]"
Ciroc Snap Frost Vodka,"[""http://www.binnys.com//spirits/Ciroc_Snap_Frost_Vodka_140215.html"", 140215, ""1.75L"", ""Vodka""]"
Svedka Citron Vodka,"[""http://www.binnys.com//spirits/Svedka_Citron_Vodka_141655.html"", 141655, ""1.75L"", ""Vodka""]"
Don Q Limon Rum,"[""http://www.binnys.com//spirits/Don_Q_Limon_Rum_170431.html"", 170431, ""750ml"", ""Rum""]"
Patron XO Cafe Dark Incendio,"[""http://www.binnys.com//spirits/Patron_XO_Cafe_Dark_Incendio_76196.html"", 76196, ""750ml"", ""Liqueurs""]"
Grey Goose le Melon Vodka,"[""http://www.binnys.com//spirits/Grey_Goose_le_Melon_Vodka_70623.html"", 70623, ""750ml"", ""Vodka""]"
Luksusowa Vodka,"[""http://www.binnys.com//spirits/Luksusowa_Vodka_140901.html"", 140901, ""750ml"", ""Vodka""]"
Cuarenta y Tres Licor 43,"[""http://www.binnys.com//spirits/Cuarenta_y_Tres_Licor_43_111801.html"", 111801, ""750ml"", ""Liqueurs""]"
Angel's Envy Port Barrel Finished Bourbon,"[""http://www.binnys.com//spirits/Angels_Envy_Port_Barrel_Finished_Bourbon_190031.html"", 190031, ""750ml"", ""Whiskey""]"
Gordon's Gin,"[""http://www.binnys.com//spirits/Gordons_Gin_151061.html"", 151061, ""750ml"", ""Gin""]"
Ciroc Peach Vodka,"[""http://www.binnys.com//spirits/Ciroc_Peach_Vodka_77881.html"", 77881, ""1.75L"", ""Vodka""]"
Seagram's Extra Smooth Vodka,"[""http://www.binnys.com//spirits/Seagrams_Extra_Smooth_Vodka_45209.html"", 45209, ""375ml"", ""Vodka""]"
Monument Valley Distillers The Duke Small Batch Bourbon,"[""http://www.binnys.com//spirits/Monument_Valley_Distillers_The_Duke_Small_Batch_Bourbon_71447.html"", 71447, ""750ml"", ""Whiskey""]"
Ardbeg 10 Year Old,"[""http://www.binnys.com//spirits/Ardbeg_10_Year_Old_160042.html"", 160042, ""750ml"", ""Scotch""]"
New Amsterdam Straight Gin,"[""http://www.binnys.com//spirits/New_Amsterdam_Straight_Gin_151434.html"", 151434, ""375ml"", ""Gin""]"
Bulleit 95 Straight Rye Whiskey,"[""http://www.binnys.com//spirits/Bulleit_95_Straight_Rye_Whiskey_190883.html"", 190883, ""750ml"", ""Whiskey""]"
Espolon Reposado Tequila,"[""http://www.binnys.com//spirits/Espolon_Reposado_Tequila_21612.html"", 21612, ""750ml"", ""Tequila / Mezcal""]"
Belvedere Vodka Silver Bottle,"[""http://www.binnys.com//spirits/Belvedere_Vodka_Silver_Bottle_81507.html"", 81507, ""750ml"", ""Vodka""]"
Cazadores Reposado Tequila,"[""http://www.binnys.com//spirits/Cazadores_Reposado_Tequila_111121.html"", 111121, ""750ml"", ""Tequila / Mezcal""]"
Don Q Coco Rum,"[""http://www.binnys.com//spirits/Don_Q_Coco_Rum_21171.html"", 21171, ""750ml"", ""Rum""]"
Deep Eddy Ruby Red Grapefruit Vodka,"[""http://www.binnys.com//spirits/Deep_Eddy_Ruby_Red_Grapefruit_Vodka_60127.html"", 60127, ""750ml"", ""Vodka""]"
Evan Williams Bourbon,"[""http://www.binnys.com//spirits/Evan_Williams_Bourbon_192401.html"", 192401, ""750ml"", ""Whiskey""]"
Karkov Vodka,"[""http://www.binnys.com//spirits/Karkov_Vodka_140785.html"", 140785, ""1.75L"", ""Vodka""]"
Ciroc Pineapple Vodka,"[""http://www.binnys.com//spirits/Ciroc_Pineapple_Vodka_76740.html"", 76740, ""200ml"", ""Vodka""]"
Casamigos Blanco Tequila,"[""http://www.binnys.com//spirits/Casamigos_Blanco_Tequila_79722.html"", 79722, ""50ml"", ""Tequila / Mezcal""]"
J & B Scotch,"[""http://www.binnys.com//spirits/J__B_Scotch_162761.html"", 162761, ""750ml"", ""Scotch""]"
Ciroc Amaretto Vodka,"[""http://www.binnys.com//spirits/Ciroc_Amaretto_Vodka_57816.html"", 57816, ""750ml"", ""Vodka""]"
Monkey Shoulder Blended Malt Scotch Whisky,"[""http://www.binnys.com//spirits/Monkey_Shoulder_Blended_Malt_Scotch_Whisky_163546.html"", 163546, ""750ml"", ""Scotch""]"
Oban 14 Year Old,"[""http://www.binnys.com//spirits/Oban_14_Year_Old_163801.html"", 163801, ""750ml"", ""Scotch""]"
Cutty Sark Prohibition Edition Blended Scotch,"[""http://www.binnys.com//spirits/Cutty_Sark_Prohibition_Edition_Blended_Scotch_74302.html"", 74302, ""750ml"", ""Scotch""]"
Jose Cuervo Authentic Lime Margarita,"[""http://www.binnys.com//spirits/Jose_Cuervo_Authentic_Lime_Margarita_182205.html"", 182205, ""1.75L"", ""Pre-mixed Cocktails""]"
Crafthouse Southside Prepared Cocktail,"[""http://www.binnys.com//spirits/Crafthouse_Southside_Prepared_Cocktail_57293.html"", 57293, ""750ml"", ""Pre-mixed Cocktails""]"
Green Spot Single Pot Still Irish Whiskey,"[""http://www.binnys.com//spirits/Green_Spot_Single_Pot_Still_Irish_Whiskey_139300.html"", 139300, ""750ml"", ""Whiskey""]"
Gallo Sweet Vermouth,"[""http://www.binnys.com//spirits/Gallo_Sweet_Vermouth_220601.html"", 220601, ""750ml"", ""Vermouth""]"
Absolut Nighlife Vodka,"[""http://www.binnys.com//spirits/Absolut_Nighlife_Vodka_82711.html"", 82711, ""750ml"", ""Vodka""]"
Macallan 12 Year Old Traditional,"[""http://www.binnys.com//spirits/Macallan_12_Year_Old_Traditional_15301.html"", 15301, ""1.75L"", ""Scotch""]"
Leblon Cachaca,"[""http://www.binnys.com//spirits/Leblon_Cachaca_113401.html"", 113401, ""750ml"", ""Rum""]"
Cazadores Anejo Tequila,"[""http://www.binnys.com//spirits/Cazadores_Anejo_Tequila_111118.html"", 111118, ""750ml"", ""Tequila / Mezcal""]"
Fleischmann's Royal Vodka,"[""http://www.binnys.com//spirits/Fleischmanns_Royal_Vodka_140315.html"", 140315, ""1.75L"", ""Vodka""]"
Jack Daniel's Honey,"[""http://www.binnys.com//spirits/Jack_Daniels_Honey_45547.html"", 45547, ""1.75L"", ""Whiskey""]"
Absolut Mandrin Vodka,"[""http://www.binnys.com//spirits/Absolut_Mandrin_Vodka_140031.html"", 140031, ""750ml"", ""Vodka""]"
Crown Royal Maple Canadian Whisky,"[""http://www.binnys.com//spirits/Crown_Royal_Maple_Canadian_Whisky_49344.html"", 49344, ""750ml"", ""Whiskey""]"
J R Ewing Private Reserve Bourbon Whiskey,"[""http://www.binnys.com//spirits/J_R_Ewing_Private_Reserve_Bourbon_Whiskey_70164.html"", 70164, ""750ml"", ""Whiskey""]"
Burnett's Cherry Vodka,"[""http://www.binnys.com//spirits/Burnetts_Cherry_Vodka_140188.html"", 140188, ""1.75L"", ""Vodka""]"
New Amsterdam Vodka,"[""http://www.binnys.com//spirits/New_Amsterdam_Vodka_36978.html"", 36978, ""750ml"", ""Vodka""]"
Laphroaig 18 year old,"[""http://www.binnys.com//spirits/Laphroaig_18_year_old_163208.html"", 163208, ""750ml"", ""Scotch""]"
Citadelle Gin,"[""http://www.binnys.com//spirits/Citadelle_Gin_21635.html"", 21635, ""1.75L"", ""Gin""]"
Ciroc Red Berry Vodka,"[""http://www.binnys.com//spirits/Ciroc_Red_Berry_Vodka_52584.html"", 52584, ""750ml"", ""Vodka""]"
Sauza Gold Tequila,"[""http://www.binnys.com//spirits/Sauza_Gold_Tequila_114961.html"", 114961, ""750ml"", ""Tequila / Mezcal""]"
Sobieski Cytron Vodka,"[""http://www.binnys.com//spirits/Sobieski_Cytron_Vodka_141563.html"", 141563, ""1L"", ""Vodka""]"
Bacardi Limited Edition 10 Year Old Barrel Aged Rum Binny's Handpicked,"[""http://www.binnys.com//spirits/Bacardi_Limited_Edition_10_Year_Old_Barrel_Aged_Rum_Binnys_Handpicked_81511.html"", 81511, ""750ml"", ""Rum""]"
Malibu Coconut Rum,"[""http://www.binnys.com//spirits/Malibu_Coconut_Rum_171251.html"", 171251, ""750ml"", ""Rum""]"
Skinnygirl White Cranberry Cosmo,"[""http://www.binnys.com//spirits/Skinnygirl_White_Cranberry_Cosmo_37682.html"", 37682, ""750ml"", ""Pre-mixed Cocktails""]"
Glenmorangie Quina Ruban Port Cask 12 Year Old,"[""http://www.binnys.com//spirits/Glenmorangie_Quina_Ruban_Port_Cask_12_Year_Old_161746.html"", 161746, ""750ml"", ""Scotch""]"
Casamigos Reposado Tequila,"[""http://www.binnys.com//spirits/Casamigos_Reposado_Tequila_79724.html"", 79724, ""50ml"", ""Tequila / Mezcal""]"
Seagram's Extra Dry Gin,"[""http://www.binnys.com//spirits/Seagrams_Extra_Dry_Gin_151914.html"", 151914, ""375ml"", ""Gin""]"
Clan MacGregor Blended Scotch,"[""http://www.binnys.com//spirits/Clan_MacGregor_Blended_Scotch_161065.html"", 161065, ""1.75L"", ""Scotch""]"
Grey Goose Cherry Noir,"[""http://www.binnys.com//spirits/Grey_Goose_Cherry_Noir_42241.html"", 42241, ""750ml"", ""Vodka""]"
Glenrothes Alba Reserve,"[""http://www.binnys.com//spirits/Glenrothes_Alba_Reserve_164296.html"", 164296, ""750ml"", ""Scotch""]"
Jim Beam Red Stag Black Cherry Bourbon,"[""http://www.binnys.com//spirits/Jim_Beam_Red_Stag_Black_Cherry_Bourbon_190641.html"", 190641, ""750ml"", ""Whiskey""]"
Bailey's Salted Caramel Irish Cream Liqueur,"[""http://www.binnys.com//spirits/Baileys_Salted_Caramel_Irish_Cream_Liqueur_77020.html"", 77020, ""750ml"", ""Liqueurs""]"
Milagro Anejo Tequila,"[""http://www.binnys.com//spirits/Milagro_Anejo_Tequila_114221.html"", 114221, ""750ml"", ""Tequila / Mezcal""]"
E & J VSOP Brandy,"[""http://www.binnys.com//spirits/E__J_VSOP_Brandy_101791.html"", 101791, ""750ml"", ""Brandy""]"
Espolon Blanco Tequila,"[""http://www.binnys.com//spirits/Espolon_Blanco_Tequila_21613.html"", 21613, ""750ml"", ""Tequila / Mezcal""]"
Hennessy VS Ryan McGinness Limited Edition,"[""http://www.binnys.com//spirits/Hennessy_VS_Ryan_McGinness_Limited_Edition_85048.html"", 85048, ""750ml"", ""Brandy""]"
Prairie Organic Vodka,"[""http://www.binnys.com//spirits/Prairie_Organic_Vodka_141131.html"", 141131, ""750ml"", ""Vodka""]"
Courvoisier VS Cognac,"[""http://www.binnys.com//spirits/Courvoisier_VS_Cognac_101509.html"", 101509, ""375ml"", ""Brandy""]"
Ciroc Coconut Vodka,"[""http://www.binnys.com//spirits/Ciroc_Coconut_Vodka_54679.html"", 54679, ""750ml"", ""Vodka""]"
E & J Brandy,"[""http://www.binnys.com//spirits/E__J_Brandy_101802.html"", 101802, ""375ml"", ""Brandy""]"
Gran Centenario Anejo Tequila,"[""http://www.binnys.com//spirits/Gran_Centenario_Anejo_Tequila_112751.html"", 112751, ""750ml"", ""Tequila / Mezcal""]"
Effen Raspberry Vanilla Vodka,"[""http://www.binnys.com//spirits/Effen_Raspberry_Vanilla_Vodka_140232.html"", 140232, ""750ml"", ""Vodka""]"
Deep Eddy Sweet Tea Vodka,"[""http://www.binnys.com//spirits/Deep_Eddy_Sweet_Tea_Vodka_66225.html"", 66225, ""750ml"", ""Vodka""]"
High West Bourye American Whiskey,"[""http://www.binnys.com//spirits/High_West_Bourye_American_Whiskey_195914.html"", 195914, ""750ml"", ""Whiskey""]"
El Jimador Blanco Tequila,"[""http://www.binnys.com//spirits/El_Jimador_Blanco_Tequila_112297.html"", 112297, ""750ml"", ""Tequila / Mezcal""]"
Sauza Silver Tequila,"[""http://www.binnys.com//spirits/Sauza_Silver_Tequila_114971.html"", 114971, ""750ml"", ""Tequila / Mezcal""]"
Early Times Kentucky Whisky,"[""http://www.binnys.com//spirits/Early_Times_Kentucky_Whisky_192361.html"", 192361, ""750ml"", ""Whiskey""]"
Wyborowa Vodka,"[""http://www.binnys.com//spirits/Wyborowa_Vodka_74384.html"", 74384, ""1.75L"", ""Vodka""]"
Hpnotiq Liqueur,"[""http://www.binnys.com//spirits/Hpnotiq_Liqueur_30339.html"", 30339, ""375ml"", ""Liqueurs""]"
Smirnoff Vodka PET Bottle,"[""http://www.binnys.com//spirits/Smirnoff_Vodka_PET_Bottle_141509.html"", 141509, ""750ml"", ""Vodka""]"
Grant's Scotch,"[""http://www.binnys.com//spirits/Grants_Scotch_161811.html"", 161811, ""750ml"", ""Scotch""]"
The Real McCoy 5 year old Barbados Rum,"[""http://www.binnys.com//spirits/The_Real_McCoy_5_year_old_Barbados_Rum_79879.html"", 79879, ""750ml"", ""Rum""]"
Jim Beam Honey,"[""http://www.binnys.com//spirits/Jim_Beam_Honey_54594.html"", 54594, ""750ml"", ""Whiskey""]"
Bacardi Black Rum,"[""http://www.binnys.com//spirits/Bacardi_Black_Rum_80649.html"", 80649, ""750ml"", ""Rum""]"
Patron XO Cafe Dark Coffee Liqueur,"[""http://www.binnys.com//spirits/Patron_XO_Cafe_Dark_Coffee_Liqueur_40961.html"", 40961, ""750ml"", ""Liqueurs""]"
Cabo Wabo Reposado Tequila,"[""http://www.binnys.com//spirits/Cabo_Wabo_Reposado_Tequila_111026.html"", 111026, ""750ml"", ""Tequila / Mezcal""]"
Death's Door Vodka,"[""http://www.binnys.com//spirits/Deaths_Door_Vodka_52873.html"", 52873, ""1.75L"", ""Vodka""]"
Avion Silver Tequila,"[""http://www.binnys.com//spirits/Avion_Silver_Tequila_61815.html"", 61815, ""375ml"", ""Tequila / Mezcal""]"
Grand Marnier Raspberry Peach,"[""http://www.binnys.com//spirits/Grand_Marnier_Raspberry_Peach_81978.html"", 81978, ""375ml"", ""Liqueurs""]"
Smirnoff Raspberry Twist Vodka,"[""http://www.binnys.com//spirits/Smirnoff_Raspberry_Twist_Vodka_141541.html"", 141541, ""750ml"", ""Vodka""]"
Jefferson's Reserve Straight Bourbon,"[""http://www.binnys.com//spirits/Jeffersons_Reserve_Straight_Bourbon_194091.html"", 194091, ""750ml"", ""Whiskey""]"
Crafthouse Moscow Mule Prepared Cocktail,"[""http://www.binnys.com//spirits/Crafthouse_Moscow_Mule_Prepared_Cocktail_57291.html"", 57291, ""750ml"", ""Pre-mixed Cocktails""]"
Johnnie Walker Double Black,"[""http://www.binnys.com//spirits/Johnnie_Walker_Double_Black_161610.html"", 161610, ""750ml"", ""Scotch""]"
Crown Royal XO Canadian Whisky,"[""http://www.binnys.com//spirits/Crown_Royal_XO_Canadian_Whisky_66540.html"", 66540, ""750ml"", ""Whiskey""]"
Martell VSOP Medallion Cognac,"[""http://www.binnys.com//spirits/Martell_VSOP_Medallion_Cognac_103021.html"", 103021, ""750ml"", ""Brandy""]"
Tippy Cow Shamrock Mint Rum Cream Liqueur,"[""http://www.binnys.com//spirits/Tippy_Cow_Shamrock_Mint_Rum_Cream_Liqueur_68377.html"", 68377, ""750ml"", ""Liqueurs""]"
Pierre Ferrand Reserve Cognac,"[""http://www.binnys.com//spirits/Pierre_Ferrand_Reserve_Cognac_104091.html"", 104091, ""750ml"", ""Brandy""]"
Pama Pomegranate Liqueur,"[""http://www.binnys.com//spirits/Pama_Pomegranate_Liqueur_114280.html"", 114280, ""375ml"", ""Liqueurs""]"
Jack Daniel's Tennessee Fire,"[""http://www.binnys.com//spirits/Jack_Daniels_Tennessee_Fire_74967.html"", 74967, ""750ml"", ""Whiskey""]"
Burnett's Citrus Vodka,"[""http://www.binnys.com//spirits/Burnetts_Citrus_Vodka_140187.html"", 140187, ""1.75L"", ""Vodka""]"
Corralejo Reposado Tequila,"[""http://www.binnys.com//spirits/Corralejo_Reposado_Tequila_111790.html"", 111790, ""750ml"", ""Tequila / Mezcal""]"
Lock Stock & Barrel 13 year old Straight Rye,"[""http://www.binnys.com//spirits/Lock_Stock__Barrel_13_year_old_Straight_Rye_60351.html"", 60351, ""750ml"", ""Whiskey""]"
Sheep Dip Blended Islay Malt,"[""http://www.binnys.com//spirits/Sheep_Dip_Blended_Islay_Malt_84992.html"", 84992, ""750ml"", ""Scotch""]"
Drambuie Liqueur,"[""http://www.binnys.com//spirits/Drambuie_Liqueur_112264.html"", 112264, ""375ml"", ""Liqueurs""]"
Cruzan Dark Aged Rum,"[""http://www.binnys.com//spirits/Cruzan_Dark_Aged_Rum_170393.html"", 170393, ""750ml"", ""Rum""]"
Larceny Bourbon,"[""http://www.binnys.com//spirits/Larceny_Bourbon_48648.html"", 48648, ""1.75L"", ""Whiskey""]"
Cabo Wabo Blanco Tequila,"[""http://www.binnys.com//spirits/Cabo_Wabo_Blanco_Tequila_111021.html"", 111021, ""750ml"", ""Tequila / Mezcal""]"
UV Vodka,"[""http://www.binnys.com//spirits/UV_Vodka_141765.html"", 141765, ""1.75L"", ""Vodka""]"
Chi Chi's Margarita,"[""http://www.binnys.com//spirits/Chi_Chis_Margarita_182005.html"", 182005, ""1.75L"", ""Pre-mixed Cocktails""]"
Glenmorangie Tusail 2015 Private Edition Release 100% Maris Otter Barley,"[""http://www.binnys.com//spirits/Glenmorangie_Tusail_2015_Private_Edition_Release_100_Maris_Otter_Barley_78755.html"", 78755, ""750ml"", ""Scotch""]"
Jose Cuervo Grapefruit Tangerine Margarita,"[""http://www.binnys.com//spirits/Jose_Cuervo_Grapefruit_Tangerine_Margarita_44518.html"", 44518, ""1.75L"", ""Pre-mixed Cocktails""]"
Stolichnaya Razberi Vodka,"[""http://www.binnys.com//spirits/Stolichnaya_Razberi_Vodka_141627.html"", 141627, ""1.75L"", ""Vodka""]"
Belvedere Wild Berry Vodka,"[""http://www.binnys.com//spirits/Belvedere_Wild_Berry_Vodka_79055.html"", 79055, ""750ml"", ""Vodka""]"
Martini & Rossi Dry Vermouth,"[""http://www.binnys.com//spirits/Martini__Rossi_Dry_Vermouth_220962.html"", 220962, ""375ml"", ""Vermouth""]"
Wolfschmidt Vodka,"[""http://www.binnys.com//spirits/Wolfschmidt_Vodka_141815.html"", 141815, ""1.75L"", ""Vodka""]"
Tanqueray Sterling Vodka,"[""http://www.binnys.com//spirits/Tanqueray_Sterling_Vodka_141701.html"", 141701, ""750ml"", ""Vodka""]"
Dubouchett Triple Sec,"[""http://www.binnys.com//spirits/Dubouchett_Triple_Sec_123116.html"", 123116, ""1L"", ""Liqueurs""]"
Polmos Spirytus Rektyfikowany 192 Proof,"[""http://www.binnys.com//spirits/Polmos_Spirytus_Rektyfikowany_192_Proof_114591.html"", 114591, ""750ml"", ""Liqueurs""]"
Menage A Trois Berry Vodka,"[""http://www.binnys.com//spirits/Menage_A_Trois_Berry_Vodka_74812.html"", 74812, ""750ml"", ""Vodka""]"
Pyrat XO Reserve Rum,"[""http://www.binnys.com//spirits/Pyrat_XO_Reserve_Rum_171431.html"", 171431, ""750ml"", ""Rum""]"
Jefferson's Straight Bourbon,"[""http://www.binnys.com//spirits/Jeffersons_Straight_Bourbon_194094.html"", 194094, ""750ml"", ""Whiskey""]"
Gentleman Jack Rare Tennessee Whiskey,"[""http://www.binnys.com//spirits/Gentleman_Jack_Rare_Tennessee_Whiskey_192701.html"", 192701, ""750ml"", ""Whiskey""]"
Crafthouse Paloma Prepared Cocktail,"[""http://www.binnys.com//spirits/Crafthouse_Paloma_Prepared_Cocktail_57292.html"", 57292, ""750ml"", ""Pre-mixed Cocktails""]"
Bulleit 10 year old Bourbon,"[""http://www.binnys.com//spirits/Bulleit_10_year_old_Bourbon_52903.html"", 52903, ""750ml"", ""Whiskey""]"
Four Roses Small Batch Bourbon,"[""http://www.binnys.com//spirits/Four_Roses_Small_Batch_Bourbon_192661.html"", 192661, ""750ml"", ""Whiskey""]"
Laphroaig 15 year old 200th Anniversary Bottling,"[""http://www.binnys.com//spirits/Laphroaig_15_year_old_200th_Anniversary_Bottling_84011.html"", 84011, ""750ml"", ""Scotch""]"
Hennessy V.S,"[""http://www.binnys.com//spirits/Hennessy_V.S_51287.html"", 51287, ""375ml"", ""Brandy""]"
Pisco Porton,"[""http://www.binnys.com//spirits/Pisco_Porton_41979.html"", 41979, ""750ml"", ""Brandy""]"
Laphroaig Quarter Cask,"[""http://www.binnys.com//spirits/Laphroaig_Quarter_Cask_163191.html"", 163191, ""750ml"", ""Scotch""]"
Martini & Rossi Sweet Vermouth,"[""http://www.binnys.com//spirits/Martini__Rossi_Sweet_Vermouth_220982.html"", 220982, ""375ml"", ""Vermouth""]"
Talisker 10 Year Old,"[""http://www.binnys.com//spirits/Talisker_10_Year_Old_164401.html"", 164401, ""750ml"", ""Scotch""]"
Tres Generaciones Plata Tequila,"[""http://www.binnys.com//spirits/Tres_Generaciones_Plata_Tequila_114990.html"", 114990, ""750ml"", ""Tequila / Mezcal""]"
Myers Rum,"[""http://www.binnys.com//spirits/Myers_Rum_171365.html"", 171365, ""1.75L"", ""Rum""]"
X Rated Fusion Liqueur,"[""http://www.binnys.com//spirits/X_Rated_Fusion_Liqueur_115751.html"", 115751, ""750ml"", ""Liqueurs""]"
Ardbeg Uigeadail,"[""http://www.binnys.com//spirits/Ardbeg_Uigeadail_160070.html"", 160070, ""750ml"", ""Scotch""]"
Jose Cuervo Coconut Pineapple Margarita,"[""http://www.binnys.com//spirits/Jose_Cuervo_Coconut_Pineapple_Margarita_79224.html"", 79224, ""1.75L"", ""Pre-mixed Cocktails""]"
Wild Turkey 101 Proof Bourbon,"[""http://www.binnys.com//spirits/Wild_Turkey_101_Proof_Bourbon_197751.html"", 197751, ""750ml"", ""Whiskey""]"
Cluny Scotch,"[""http://www.binnys.com//spirits/Cluny_Scotch_161075.html"", 161075, ""1.75L"", ""Scotch""]"
Canadian Mist Canadian Whisky,"[""http://www.binnys.com//spirits/Canadian_Mist_Canadian_Whisky_132705.html"", 132705, ""1.75L"", ""Whiskey""]"
Absolut Raspberri Vodka,"[""http://www.binnys.com//spirits/Absolut_Raspberri_Vodka_140029.html"", 140029, ""750ml"", ""Vodka""]"
Laphroaig Select,"[""http://www.binnys.com//spirits/Laphroaig_Select_73633.html"", 73633, ""750ml"", ""Scotch""]"
Jose Cuervo Tradicional Reposado Tequila,"[""http://www.binnys.com//spirits/Jose_Cuervo_Tradicional_Reposado_Tequila_111870.html"", 111870, ""750ml"", ""Tequila / Mezcal""]"
Belvedere Vodka,"[""http://www.binnys.com//spirits/Belvedere_Vodka_140077.html"", 140077, ""375ml"", ""Vodka""]"
Camarena Reposado Tequila,"[""http://www.binnys.com//spirits/Camarena_Reposado_Tequila_30188.html"", 30188, ""750ml"", ""Tequila / Mezcal""]"
Tippy Cow Chocolate Rum Cream Liqueur,"[""http://www.binnys.com//spirits/Tippy_Cow_Chocolate_Rum_Cream_Liqueur_68375.html"", 68375, ""750ml"", ""Liqueurs""]"
Gosling's Black Seal Rum,"[""http://www.binnys.com//spirits/Goslings_Black_Seal_Rum_56220.html"", 56220, ""1.75L"", ""Rum""]"
Skyy Infusions All Natural Citrus Vodka,"[""http://www.binnys.com//spirits/Skyy_Infusions_All_Natural_Citrus_Vodka_141429.html"", 141429, ""1.75L"", ""Vodka""]"
Veev Acai Spirit Liqueur,"[""http://www.binnys.com//spirits/Veev_Acai_Spirit_Liqueur_115501.html"", 115501, ""750ml"", ""Liqueurs""]"
Speyburn 10 year old,"[""http://www.binnys.com//spirits/Speyburn_10_year_old_164373.html"", 164373, ""1.75L"", ""Scotch""]"
Dalmore 12 Year Old Highland Malt,"[""http://www.binnys.com//spirits/Dalmore_12_Year_Old_Highland_Malt_161281.html"", 161281, ""750ml"", ""Scotch""]"
Highland Park 12 Year Old,"[""http://www.binnys.com//spirits/Highland_Park_12_Year_Old_162401.html"", 162401, ""750ml"", ""Scotch""]"
The Real McCoy 3 year old Barbados Rum,"[""http://www.binnys.com//spirits/The_Real_McCoy_3_year_old_Barbados_Rum_79878.html"", 79878, ""750ml"", ""Rum""]"
Casa Dragones Luxury Sipping Tequila Joven,"[""http://www.binnys.com//spirits/Casa_Dragones_Luxury_Sipping_Tequila_Joven_31573.html"", 31573, ""750ml"", ""Tequila / Mezcal""]"
Ballantine's Blended Scotch,"[""http://www.binnys.com//spirits/Ballantines_Blended_Scotch_160165.html"", 160165, ""1.75L"", ""Scotch""]"
1994 Gordon & Macphail Mortlach 19 year old FF Butt # 8172 Binny's Handpicked,"[""http://www.binnys.com//spirits/Gordon__Macphail_Mortlach_19_year_old_FF_Butt__8172_Binnys_Handpicked_74800.html"", 74800, ""750ml"", ""Scotch""]"
Captain Morgan White Rum,"[""http://www.binnys.com//spirits/Captain_Morgan_White_Rum_67964.html"", 67964, ""200ml"", ""Rum""]"
Skol Vodka,"[""http://www.binnys.com//spirits/Skol_Vodka_141405.html"", 141405, ""1.75L"", ""Vodka""]"
Benchmark Old Number 8 Brand Bourbon,"[""http://www.binnys.com//spirits/Benchmark_Old_Number_8_Brand_Bourbon_190811.html"", 190811, ""750ml"", ""Whiskey""]"
Barrow's Intense Ginger,"[""http://www.binnys.com//spirits/Barrows_Intense_Ginger_81518.html"", 81518, ""750ml"", ""Liqueurs""]"
Deep Eddy Vodka Lemon,"[""http://www.binnys.com//spirits/Deep_Eddy_Vodka_Lemon_78909.html"", 78909, ""750ml"", ""Vodka""]"
Montezuma White Tequila,"[""http://www.binnys.com//spirits/Montezuma_White_Tequila_114325.html"", 114325, ""1.75L"", ""Tequila / Mezcal""]"
Glenfiddich 12 Year Old Special Reserve,"[""http://www.binnys.com//spirits/Glenfiddich_12_Year_Old_Special_Reserve_161971.html"", 161971, ""750ml"", ""Scotch""]"
Tullamore D.E.W. Irish Whiskey,"[""http://www.binnys.com//spirits/Tullamore_D.E.W._Irish_Whiskey_139812.html"", 139812, ""1.75L"", ""Whiskey""]"
Ron Botran Etiqueta Blanca Rum,"[""http://www.binnys.com//spirits/Ron_Botran_Etiqueta_Blanca_Rum_61450.html"", 61450, ""750ml"", ""Rum""]"
Menage A Trois Citrus Vodka,"[""http://www.binnys.com//spirits/Menage_A_Trois_Citrus_Vodka_74811.html"", 74811, ""750ml"", ""Vodka""]"
Mount Gay Eclipse Rum,"[""http://www.binnys.com//spirits/Mount_Gay_Eclipse_Rum_171311.html"", 171311, ""750ml"", ""Rum""]"
Burnett's Lime Vodka,"[""http://www.binnys.com//spirits/Burnetts_Lime_Vodka_140175.html"", 140175, ""1.75L"", ""Vodka""]"
Tippy Cow Soft Serve Vanilla Rum Cream Liqueur,"[""http://www.binnys.com//spirits/Tippy_Cow_Soft_Serve_Vanilla_Rum_Cream_Liqueur_68378.html"", 68378, ""750ml"", ""Liqueurs""]"
B & B Liqueur,"[""http://www.binnys.com//spirits/B__B_Liqueur_110572.html"", 110572, ""375ml"", ""Liqueurs""]"
Ron Zacapa Centenario 23 Rum,"[""http://www.binnys.com//spirits/Ron_Zacapa_Centenario_23_Rum_171437.html"", 171437, ""750ml"", ""Rum""]"
Glenmorangie Lasanta Sherry Cash 12 Year Old,"[""http://www.binnys.com//spirits/Glenmorangie_Lasanta_Sherry_Cash_12_Year_Old_161741.html"", 161741, ""750ml"", ""Scotch""]"
Booker's Bourbon,"[""http://www.binnys.com//spirits/Bookers_Bourbon_190851.html"", 190851, ""750ml"", ""Whiskey""]"
Casamigos Anejo Tequila,"[""http://www.binnys.com//spirits/Casamigos_Anejo_Tequila_79723.html"", 79723, ""50ml"", ""Tequila / Mezcal""]"
Sobieski Vodka PET Bottle,"[""http://www.binnys.com//spirits/Sobieski_Vodka_PET_Bottle_141560.html"", 141560, ""750ml"", ""Vodka""]"
Jim Beam Black Label Bourbon,"[""http://www.binnys.com//spirits/Jim_Beam_Black_Label_Bourbon_190775.html"", 190775, ""1.75L"", ""Whiskey""]"
Lagavulin 16 Year Old Islay Malt,"[""http://www.binnys.com//spirits/Lagavulin_16_Year_Old_Islay_Malt_163131.html"", 163131, ""750ml"", ""Scotch""]"
Gallo Dry Vermouth,"[""http://www.binnys.com//spirits/Gallo_Dry_Vermouth_220621.html"", 220621, ""750ml"", ""Vermouth""]"
Bacardi Superior Rum PET Bottle,"[""http://www.binnys.com//spirits/Bacardi_Superior_Rum_PET_Bottle_170070.html"", 170070, ""750ml"", ""Rum""]"
Glengoyne 10 Year Old,"[""http://www.binnys.com//spirits/Glengoyne_10_Year_Old_161641.html"", 161641, ""750ml"", ""Scotch""]"
Sauza Hornitos Plata Tequila,"[""http://www.binnys.com//spirits/Sauza_Hornitos_Plata_Tequila_114948.html"", 114948, ""750ml"", ""Tequila / Mezcal""]"
Wodka Polmos Vodka,"[""http://www.binnys.com//spirits/Wodka_Polmos_Vodka_70534.html"", 70534, ""1.75L"", ""Vodka""]"
Kappa Pisco,"[""http://www.binnys.com//spirits/Kappa_Pisco_80711.html"", 80711, ""750ml"", ""Brandy""]"
Paul Masson Grand Amber Brandy,"[""http://www.binnys.com//spirits/Paul_Masson_Grand_Amber_Brandy_61813.html"", 61813, ""375ml"", ""Brandy""]"
Tres Generaciones Reposado Tequila,"[""http://www.binnys.com//spirits/Tres_Generaciones_Reposado_Tequila_61085.html"", 61085, ""750ml"", ""Tequila / Mezcal""]"
Dubouchett Blackberry Brandy,"[""http://www.binnys.com//spirits/Dubouchett_Blackberry_Brandy_122951.html"", 122951, ""750ml"", ""Brandy""]"
Christian Brothers Frost Brandy,"[""http://www.binnys.com//spirits/Christian_Brothers_Frost_Brandy_101225.html"", 101225, ""1.75L"", ""Brandy""]"
El Jimador Reposado Tequila,"[""http://www.binnys.com//spirits/El_Jimador_Reposado_Tequila_112293.html"", 112293, ""750ml"", ""Tequila / Mezcal""]"
Jefferson's Chef's Collaboration with Edward Lee Bourbon and Rye Blend,"[""http://www.binnys.com//spirits/Jeffersons_Chefs_Collaboration_with_Edward_Lee_Bourbon_and_Rye_Blend_194090.html"", 194090, ""750ml"", ""Whiskey""]"
Kilo Kai Spiced Rum,"[""http://www.binnys.com//spirits/Kilo_Kai_Spiced_Rum_170761.html"", 170761, ""750ml"", ""Rum""]"
Highland Park 15 Year Old,"[""http://www.binnys.com//spirits/Highland_Park_15_Year_Old_162404.html"", 162404, ""750ml"", ""Scotch""]"
Absolut Ruby Red Vodka,"[""http://www.binnys.com//spirits/Absolut_Ruby_Red_Vodka_140050.html"", 140050, ""750ml"", ""Vodka""]"
